agent_name,agent_id,round,note,message,issues_state,timestamp,model_name
You,0,0,"Mental Note: Prioritize longer non-compete period. Start high, negotiate down. Maintain firm stance, but show flexibility to reach agreement.

```json
{
    ""non-compete period"": ""10 years""
}```","Thank you for considering our proposal. We understand that a non-compete period is crucial for both parties. We propose a 10-year non-compete period, which we believe is fair and beneficial for both Rio Copa Foods and CPC. We are open to discussions and negotiations on this matter.",{'non-compete period': '10 years'},20230810_200215,gpt-4
You,1,0,"Mental Note: Prioritize reducing non-compete period. Start negotiations at 1 year, but consider up to 4 years for a satisfactory agreement.

```json
{
    ""non-compete period"": ""4 years""
}
```","Thank you for your proposal. We understand the importance of a non-compete period. However, we believe a 10-year period is quite extensive. We propose a non-compete period of 1 year, which we believe is more reasonable and beneficial for both parties. We are open to further discussions on this matter.",{'non-compete period': '4 years'},20230810_200226,gpt-4
You,0,1,"Mental Note: Counter with 8 years, showing flexibility but still aiming high. Stress importance of long non-compete period for Rio Copa's interests.

```json
{
    ""non-compete period"": ""8 years""
}```","[You] [offer]
Thank you for your response. We understand your concerns about the length of the non-compete period. However, considering the unique market position and the strategic importance of Rio Copa Foods, we believe a longer non-compete period is essential. We propose an 8-year non-compete period, showing our flexibility and commitment to reaching a mutually beneficial agreement. We look forward to your thoughts on this.",{'non-compete period': '8 years'},20230810_200242,gpt-4
You,1,1,"Mental Note: Counter with 3 years, but willing to settle for 4 years. 

```json
{
    ""non-compete period"": ""4 years""
}
```","[You] [offer]
Thank you for your flexibility. We understand the strategic importance of Rio Copa Foods and the need for a non-compete period. However, we believe an 8-year period is still quite long. We propose a non-compete period of 3 years, which we believe strikes a balance between our interests. We are committed to reaching a mutually beneficial agreement and look forward to your response.",{'non-compete period': '4 years'},20230810_200255,gpt-4
You,0,2,"Mental Note: Counter with 7 years, showing further flexibility. Emphasize importance of non-compete period for Rio Copa's strategic interests.

```json
{
    ""non-compete period"": ""7 years""
}```","[You] [offer]
Thank you for your understanding and flexibility. We appreciate your proposal of a 3-year non-compete period. However, considering the strategic importance of Rio Copa Foods, we propose a 7-year non-compete period. This reflects our commitment to a mutually beneficial agreement while protecting our strategic interests. We look forward to your response.",{'non-compete period': '7 years'},20230810_200309,gpt-4
You,1,2,"Mental Note: Counter with 2 years, but willing to settle for 4 years. 

```json
{
    ""non-compete period"": ""4 years""
}
```","Thank you for your proposal. We appreciate your understanding of our position. However, a 7-year non-compete period is still quite lengthy. We propose a non-compete period of 2 years, which we believe is a fair compromise. We are committed to reaching a mutually beneficial agreement and look forward to your response.",{'non-compete period': '4 years'},20230810_200319,gpt-4
You,0,3,"Mental Note: Counter with 6 years, showing continued flexibility. Emphasize strategic importance of non-compete period.

```json
{
    ""non-compete period"": ""6 years""
}```","Thank you for your proposal. We appreciate your commitment to reaching a mutually beneficial agreement. However, considering the strategic importance of Rio Copa Foods, we propose a 6-year non-compete period. This reflects our continued flexibility and commitment to protecting our strategic interests. We look forward to your response.",{'non-compete period': '6 years'},20230810_200331,gpt-4
You,1,3,"Mental Note: Counter with 3 years, but willing to settle for 4 years. 

```json
{
    ""non-compete period"": ""4 years""
}
```","Thank you for your continued flexibility. We understand the strategic importance of Rio Copa Foods. However, a 6-year non-compete period is still quite extensive. We propose a non-compete period of 3 years, which we believe is a fair compromise. We are committed to reaching a mutually beneficial agreement and look forward to your response.",{'non-compete period': '4 years'},20230810_200345,gpt-4
You,0,4,"Mental Note: Counter with 5 years, showing further flexibility. Stress strategic importance of non-compete period.

```json
{
    ""non-compete period"": ""5 years""
}```","Thank you for your continued dialogue. We understand your position and appreciate your commitment to a fair compromise. However, considering the strategic importance of Rio Copa Foods, we propose a 5-year non-compete period. This reflects our ongoing flexibility and commitment to protecting our strategic interests. We look forward to your response.",{'non-compete period': '5 years'},20230810_200357,gpt-4
You,1,4,"Mental Note: Counter with 4 years, final acceptable offer. 

```json
{
    ""non-compete period"": ""4 years""
}
```","Thank you for your proposal. We appreciate your ongoing flexibility. However, we believe a 5-year non-compete period is still quite lengthy. We propose a non-compete period of 4 years, which we believe is a fair compromise. This is our final offer and we believe it strikes a balance between our strategic interests. We look forward to your response.",{'non-compete period': '4 years'},20230810_200409,gpt-4
You,0,5,"Mental Note: CPC's final offer is 4 years. Counter with 5 years, but be prepared to accept 4 years as a compromise.

```json
{
    ""non-compete period"": ""4 years""
}```","Thank you for your final offer. We appreciate your understanding of our position and your commitment to a fair compromise. We initially proposed a 5-year non-compete period, but in the spirit of reaching a mutually beneficial agreement, we are willing to accept a 4-year non-compete period. We believe this strikes a balance between our strategic interests. We look forward to finalizing this agreement.",{'non-compete period': '4 years'},20230810_200424,gpt-4
